GROUP,PACKAGE,CLASS,INSTRUCTION_MISSED,INSTRUCTION_COVERED,BRANCH_MISSED,BRANCH_COVERED,LINE_MISSED,LINE_COVERED,COMPLEXITY_MISSED,COMPLEXITY_COVERED,METHOD_MISSED,METHOD_COVERED
gate,gate.security,SessionPolicy,28,68,0,0,2,19,6,4,6,4
gate,gate.security,Credentials,34,527,13,29,3,92,16,30,3,22
gate,gate.security,Claims,33,118,0,2,8,28,2,16,2,15
gate,gate.security,CryptoKeys,93,62,5,3,18,14,6,4,2,4
gate,gate.adapter.registry,CatcherRegistry,41,0,2,0,13,0,6,0,5,0
gate,gate.adapter.registry,HandlerRegistry,41,0,2,0,13,0,6,0,5,0
gate,gate.messaging,Outbox.new Authenticator() {...},24,0,0,0,2,0,2,0,2,0
gate,gate.messaging,Inboxes,24,0,0,0,6,0,4,0,4,0
gate,gate.messaging,Messenger,129,0,6,0,34,0,12,0,9,0
gate,gate.messaging,MailEvent,24,0,0,0,6,0,1,0,1,0
gate,gate.messaging,Outbox,485,0,42,0,87,0,31,0,10,0
gate,gate.messaging,Inbox,439,0,46,0,90,0,34,0,11,0
gate,gate.messaging,MessageException,9,0,0,0,4,0,2,0,2,0
gate,gate.http,ScreenServletRequest,381,127,46,11,74,33,50,9,23,7
gate,gate.http,HttpMethod,45,0,0,0,2,0,1,0,1,0
gate,gate.http,ScreenServletResponse,94,103,10,4,19,25,14,7,7,7
gate,gate.event,LoginEvent,17,0,0,0,5,0,2,0,2,0
gate,gate.event,LogoffEvent,17,0,0,0,5,0,2,0,2,0
gate,gate.event,AppEvent,70,0,0,0,21,0,7,0,7,0
gate,gate.thymeleaf.processors.attribute.request,ScreenAttributeProcessor,4,0,0,0,2,0,1,0,1,0
gate,gate.thymeleaf.processors.attribute.request,RequestAttributeProcessor,386,0,58,0,82,0,40,0,9,0
gate,gate.thymeleaf.processors.attribute.request,ActionAttributeProcessor,4,0,0,0,2,0,1,0,1,0
gate,gate.thymeleaf.processors.attribute.request,ModuleAttributeProcessor,4,0,0,0,2,0,1,0,1,0
gate,gate.rest.exception,BadRequestExceptionMapper,12,0,0,0,5,0,2,0,2,0
gate,gate.rest.exception,AppExceptionMapper,12,0,0,0,5,0,2,0,2,0
gate,gate.rest.exception,ServiceUnavailableExceptionMapper,12,0,0,0,5,0,2,0,2,0
gate,gate.rest.exception,InternalServerExceptionMapper,12,0,0,0,5,0,2,0,2,0
gate,gate.rest.exception,ForbidenExceptionMapper,12,0,0,0,5,0,2,0,2,0
gate,gate.rest.exception,InvalidCredentialsExceptionMapper,12,0,0,0,5,0,2,0,2,0
gate,gate.rest.exception,NotFoundExceptionMapper,12,0,0,0,5,0,2,0,2,0
gate,gate.rest.exception,WebApplicationExceptionMapper,14,0,0,0,5,0,2,0,2,0
gate,gate.rest.exception,ConversionExceptionMapper,12,0,0,0,5,0,2,0,2,0
gate,gate.rest.exception,UnauthorizedExceptionMapper,12,0,0,0,5,0,2,0,2,0
gate,gate.producer,SSEPathProducer,7,0,0,0,2,0,2,0,2,0
gate,gate.producer,TemplateEngineProducer,33,0,0,0,10,0,2,0,2,0
gate,gate.producer,MoneyProducer,5,0,0,0,2,0,2,0,2,0
gate,gate.producer,AppProducer.AppControl.AppDao,37,0,0,0,14,0,3,0,3,0
gate,gate.producer,JakartaServletWebApplicationProducer,13,0,0,0,5,0,3,0,3,0
gate,gate.producer,VersionProducer,32,0,4,0,6,0,5,0,3,0
gate,gate.producer,LinkSourceProducer,106,0,8,0,26,0,9,0,5,0
gate,gate.producer,ContextMapProducer,13,0,0,0,3,0,2,0,2,0
gate,gate.producer,LoggerProducer,8,0,0,0,2,0,2,0,2,0
gate,gate.producer,LocalTimeProducer,5,0,0,0,2,0,2,0,2,0
gate,gate.producer,UserProducer,10,37,2,4,1,10,2,3,0,2
gate,gate.producer,AppProducer,95,0,4,0,19,0,10,0,8,0
gate,gate.producer,LocalDateProducer,5,0,0,0,2,0,2,0,2,0
gate,gate.producer,LocalDateTimeProducer,7,0,0,0,3,0,3,0,3,0
gate,gate.producer,AppProducer.AppControl,22,0,0,0,7,0,1,0,1,0
gate,gate.rest,DataGridHandler,13,0,0,0,4,0,3,0,3,0
gate,gate.rest,ObjectJsonHandler,41,0,4,0,10,0,7,0,5,0
gate,gate.rest,ParameterConverterProvider.ParameterConverter,28,0,0,0,8,0,3,0,3,0
gate,gate.rest,ParameterConverterProvider,18,0,4,0,5,0,4,0,2,0
gate,gate.rest,ObjectTextHandler,48,0,4,0,12,0,8,0,6,0
gate,gate.rest,JsonArrayHandler,42,0,4,0,9,0,7,0,5,0
gate,gate.rest,JsonObjectHandler,42,0,4,0,9,0,7,0,5,0
gate,gate.rest,AuthorizationInterceptor,46,0,6,0,12,0,5,0,2,0
gate,gate.rest,MimeDataFileHandler,18,0,0,0,6,0,3,0,3,0
gate,gate.rest,JsonElementHandler,36,0,0,0,9,0,5,0,5,0
gate,gate.catalog,OrgCatalog,32,0,0,0,7,0,4,0,4,0
gate,gate.catalog,UserCatalog.UserDao,65,0,0,0,17,0,4,0,4,0
gate,gate.catalog,UserCatalog,157,0,12,0,33,0,12,0,6,0
gate,gate.catalog,OrgCatalog.OrgDao,47,0,0,0,23,0,2,0,2,0
gate,gate.catalog,MailCatalog,74,0,0,0,20,0,6,0,6,0
gate,gate.catalog,SessionCatalog.SessionDao,62,0,0,0,24,0,4,0,4,0
gate,gate.catalog,RoleCatalog,17,0,0,0,4,0,2,0,2,0
gate,gate.catalog,UserCatalog.UserDao.UzerFetcher,116,0,4,0,19,0,3,0,1,0
gate,gate.catalog,SessionCatalog,97,0,6,0,25,0,7,0,4,0
gate,gate.catalog,MailCatalog.MailDao,159,0,0,0,54,0,6,0,6,0
gate,gate.catalog,RoleCatalog.RoleDao,167,0,8,0,29,0,7,0,3,0
gate,gate.adapter.converter,AppConverter,47,0,10,0,11,0,11,0,6,0
gate,gate.thymeleaf,ELExpressionFactory,13,0,0,0,2,0,2,0,2,0
gate,gate.thymeleaf,Precedence,3,0,0,0,1,0,1,0,1,0
gate,gate.thymeleaf,HTMLFileEngine.FileEngineImpl,44,0,0,0,12,0,3,0,3,0
gate,gate.thymeleaf,JavaScriptFileEngine.FileEngineImpl,32,0,0,0,9,0,3,0,3,0
gate,gate.thymeleaf,TextEngine.TextEngineImpl,65,0,0,0,17,0,4,0,4,0
gate,gate.thymeleaf,ELExpression.ELExpressionImpl,240,0,22,0,42,0,18,0,7,0
gate,gate.thymeleaf,JaveELVariableMapper,116,0,10,0,22,0,11,0,6,0
gate,gate.thymeleaf,CDIWebContext,11,0,0,0,4,0,2,0,2,0
gate,gate.thymeleaf,JavaELContext,73,0,0,0,15,0,4,0,4,0
gate,gate.thymeleaf,GateDialect,16,0,0,0,5,0,5,0,5,0
gate,gate.thymeleaf,Sequence,12,0,0,0,3,0,2,0,2,0
gate,gate.thymeleaf,JaveELFunctionMapper,65,0,8,0,10,0,7,0,3,0
gate,gate.thymeleaf,CDIContext,76,0,4,0,14,0,9,0,7,0
gate,gate.thymeleaf,TagLib,146,0,12,0,32,0,21,0,15,0
gate,gate.thymeleaf,CDIContext.new LazyContextVariable() {...},30,0,0,0,4,0,2,0,2,0
gate,gate.thymeleaf,CDIContext.new AnnotationLiteral() {...},6,0,0,0,1,0,1,0,1,0
gate,gate.util,SystemProperty,6,18,1,3,2,7,2,2,1,1
gate,gate.adapter.columnMapper,AppColumnMapper,54,0,6,0,9,0,7,0,4,0
gate,gate.error,InternalServerException,20,0,0,0,9,0,5,0,5,0
gate,gate.error,PreconditionFailedException,6,0,0,0,3,0,2,0,2,0
gate,gate.error,NotFoundException,10,0,0,0,5,0,3,0,3,0
gate,gate.error,ForbiddenException,6,0,0,0,3,0,2,0,2,0
gate,gate.error,MethodNotAllowedException,6,0,0,0,3,0,2,0,2,0
gate,gate.error,InvalidUsernamePasswordException,4,0,0,0,2,0,1,0,1,0
gate,gate.error,BadRequestException,41,0,0,0,12,0,6,0,6,0
gate,gate.error,InvalidCredentialsException,8,0,0,0,4,0,2,0,2,0
gate,gate.error,DefaultPasswordException,4,0,0,0,2,0,1,0,1,0
gate,gate.error,HttpException,13,0,0,0,6,0,3,0,3,0
gate,gate.error,UnauthorizedException,10,0,0,0,5,0,3,0,3,0
gate,gate.error,ServiceUnavailableException,10,0,0,0,5,0,3,0,3,0
gate,gate.error,AuthenticationException,20,0,0,0,9,0,5,0,5,0
gate,gate.thymeleaf.processors.tag.anchor,TRProcessor,82,0,18,0,19,0,12,0,3,0
gate,gate.thymeleaf.processors.tag.anchor,AnchorProcessor,327,0,30,0,64,0,29,0,14,0
gate,gate.thymeleaf.processors.tag.anchor,LinkProcessor,231,0,20,0,49,0,20,0,10,0
gate,gate.thymeleaf.processors.tag.anchor,ShortcutProcessor,150,0,12,0,30,0,14,0,8,0
gate,gate.thymeleaf.processors.attribute.property,SelectOptionsAttributeProcessor,258,0,10,0,45,0,12,0,7,0
gate,gate.thymeleaf.processors.attribute.property,TextAreaAttributeProcessor,10,0,0,0,4,0,2,0,2,0
gate,gate.thymeleaf.processors.attribute.property,InputAttributeProcessor,215,0,28,0,41,0,17,0,3,0
gate,gate.thymeleaf.processors.attribute.property,NotAttributeProcessor.NotAttributeProcessorHandler,38,0,0,0,11,0,7,0,7,0
gate,gate.thymeleaf.processors.attribute.property,AbstractPropertyAttributeProcessor,76,0,0,0,14,0,7,0,7,0
gate,gate.thymeleaf.processors.attribute.property,FormEditorAttributeProcessor,11,0,0,0,4,0,2,0,2,0
gate,gate.thymeleaf.processors.attribute.property,TextEditorAttributeProcessor,13,0,0,0,5,0,2,0,2,0
gate,gate.thymeleaf.processors.attribute.property,TextViewerAttributeProcessor,13,0,0,0,5,0,2,0,2,0
gate,gate.thymeleaf.processors.attribute.property,FormControlAttributeProcessor,152,0,34,0,34,0,21,0,4,0
gate,gate.thymeleaf.processors.attribute.property,SetAttributeProcessor.SetAttributeProcessorHandler,76,0,4,0,16,0,10,0,8,0
gate,gate.thymeleaf.processors.attribute.property,SetAttributeProcessor,19,0,0,0,5,0,2,0,2,0
gate,gate.thymeleaf.processors.attribute.property,NotAttributeProcessor,18,0,0,0,5,0,2,0,2,0
gate,gate.thymeleaf.processors.attribute.property,FormAttributeProcessor,11,0,0,0,4,0,2,0,2,0
gate,gate.thymeleaf.processors.attribute.property,SelectAttributeProcessor,303,0,20,0,58,0,16,0,6,0
gate,gate.thymeleaf.processors.attribute.property,PropertyAttributeProcessor,92,0,22,0,24,0,14,0,3,0
gate,gate.base,Base,40,0,0,0,5,0,4,0,4,0
gate,gate.base,Dao,53,0,4,0,18,0,9,0,7,0
gate,gate.base,Control,3,0,0,0,1,0,1,0,1,0
gate,gate.base,Screen,323,0,22,0,70,0,47,0,36,0
gate,gate.annotation,HeaderParamExtractor,68,0,12,0,14,0,8,0,2,0
gate,gate.annotation,Authorization.Value,2,40,3,9,1,12,3,5,0,2
gate,gate.annotation,CookieParamExtractor,85,0,12,0,17,0,10,0,4,0
gate,gate.annotation,Current,5,0,0,0,1,0,1,0,1,0
gate,gate.annotation,HttpMethod.Extractor,3,17,0,0,1,6,1,2,1,2
gate,gate.annotation,BodyParamExtractor,50,0,10,0,13,0,7,0,2,0
gate,gate.annotation,Authorization.Extractor,25,87,3,15,4,18,4,7,1,1
gate,gate.annotation,QueryParamExtractor,99,0,18,0,21,0,11,0,2,0
gate,gate.command,Command,24,0,0,0,9,0,9,0,9,0
gate,gate.command,HideCommand,27,0,0,0,7,0,5,0,5,0
gate,gate.command,ReloadCommand,27,0,0,0,7,0,5,0,5,0
gate,gate.command,RedirectCommand,111,0,4,0,29,0,15,0,13,0
gate,gate.command,HTMLCommand,92,0,8,0,23,0,10,0,6,0
gate,gate.thymeleaf.processors,ExpressionProcessor,37,0,2,0,12,0,8,0,7,0
gate,gate.thymeleaf.processors,TextProcessor,23,0,2,0,7,0,5,0,4,0
gate,gate.adapter.catcher,ThrowableCatcher,60,0,8,0,18,0,6,0,2,0
gate,gate.adapter.catcher,Catcher,5,0,0,0,1,0,1,0,1,0
gate,gate.adapter.catcher,ConversionExceptionCatcher,27,0,0,0,10,0,2,0,2,0
gate,gate.adapter.catcher,AppExceptionCatcher,30,0,0,0,11,0,2,0,2,0
gate,gate.adapter.catcher,UnauthorizedExceptionCatcher,33,0,4,0,10,0,4,0,2,0
gate,gate.adapter.catcher,HttpExceptionCatcher,31,0,0,0,11,0,2,0,2,0
gate,gate.adapter.registrar,GateHandlerRegistrar,214,0,0,0,44,0,2,0,2,0
gate,gate.adapter.registrar,GateColumnMapperRegistrar,16,0,0,0,4,0,2,0,2,0
gate,gate.adapter.registrar,GateConverterRegistrar,16,0,0,0,4,0,2,0,2,0
gate,gate.adapter.registrar,GateCatcherRegistrar,19,0,0,0,5,0,2,0,2,0
gate,gate.thymeleaf.processors.tag,CaptionProcessor,104,0,6,0,22,0,8,0,5,0
gate,gate.thymeleaf.processors.tag,SuperUserProcessor,19,0,2,0,7,0,4,0,3,0
gate,gate.thymeleaf.processors.tag,InsertProcessor,22,0,0,0,8,0,2,0,2,0
gate,gate.thymeleaf.processors.tag,PrintProcessor,54,0,6,0,12,0,5,0,2,0
gate,gate.thymeleaf.processors.tag,FormProcessor,508,0,60,0,81,0,33,0,3,0
gate,gate.thymeleaf.processors.tag,TemplateProcessor,81,0,8,0,19,0,6,0,2,0
gate,gate.thymeleaf.processors.tag,LabelProcessor,165,0,22,0,33,0,17,0,6,0
gate,gate.thymeleaf.processors.tag,WhenProcessor,9,0,0,0,3,0,2,0,2,0
gate,gate.thymeleaf.processors.tag,TagModelProcessor,92,0,0,0,24,0,11,0,11,0
gate,gate.thymeleaf.processors.tag,UseProcessor,71,0,4,0,18,0,6,0,4,0
gate,gate.thymeleaf.processors.tag,EmojisProcessor,63,0,4,0,16,0,4,0,2,0
gate,gate.thymeleaf.processors.tag,EnumerateProcessor,89,0,6,0,21,0,5,0,2,0
gate,gate.thymeleaf.processors.tag,ChooseProcessor,206,0,44,0,49,0,26,0,4,0
gate,gate.thymeleaf.processors.tag,PathProcessor,260,0,20,0,52,0,17,0,7,0
gate,gate.thymeleaf.processors.tag,SecureProcessor,57,0,4,0,18,0,4,0,2,0
gate,gate.thymeleaf.processors.tag,AlertProcessor,121,0,4,0,26,0,8,0,6,0
gate,gate.thymeleaf.processors.tag,ExitProcessor,106,0,6,0,23,0,7,0,4,0
gate,gate.thymeleaf.processors.tag,StacktraceProcessor,42,0,0,0,9,0,5,0,5,0
gate,gate.thymeleaf.processors.tag,NameProcessor,39,0,0,0,8,0,4,0,4,0
gate,gate.thymeleaf.processors.tag,THProcessor,349,0,38,0,68,0,30,0,11,0
gate,gate.thymeleaf.processors.tag,HideProcessor,117,0,6,0,24,0,9,0,6,0
gate,gate.thymeleaf.processors.tag,WriteProcessor,29,0,2,0,8,0,3,0,2,0
gate,gate.thymeleaf.processors.tag,PropertiesProcessor,299,0,8,0,52,0,14,0,10,0
gate,gate.thymeleaf.processors.tag,IconsProcessor,63,0,4,0,16,0,4,0,2,0
gate,gate.thymeleaf.processors.tag,ConditionProcessor,54,0,6,0,15,0,6,0,3,0
gate,gate.thymeleaf.processors.tag,TagProcessor,47,0,4,0,17,0,10,0,8,0
gate,gate.thymeleaf.processors.tag,WithProcessor,65,0,4,0,18,0,6,0,4,0
gate,gate.thymeleaf.processors.tag,TFootProcessor,36,0,0,0,8,0,5,0,5,0
gate,gate.thymeleaf.processors.tag,IfProcessor,51,0,6,0,14,0,6,0,3,0
gate,gate.thymeleaf.processors.tag,OrdenatorProcessor,267,0,10,0,40,0,8,0,3,0
gate,gate.thymeleaf.processors.tag,TDProcessor,104,0,6,0,22,0,8,0,5,0
gate,gate.thymeleaf.processors.tag,THeadProcessor,36,0,0,0,8,0,5,0,5,0
gate,gate.thymeleaf.processors.tag,OtherwiseProcessor,9,0,0,0,3,0,2,0,2,0
gate,gate.thymeleaf.processors.tag,IconProcessor,114,0,8,0,19,0,12,0,8,0
gate,gate.thymeleaf.processors.tag,DescriptionProcessor,39,0,0,0,8,0,4,0,4,0
gate,gate.thymeleaf.processors.tag,PaginatorProcessor,485,0,20,0,46,0,15,0,5,0
gate,gate.thymeleaf.processors.tag,EmojiProcessor,98,0,4,0,15,0,10,0,8,0
gate,gate.thymeleaf.processors.tag,TableProcessor,88,0,6,0,19,0,8,0,5,0
gate,gate.adapter.handler,NamedTempFileHandler,46,0,0,0,13,0,2,0,2,0
gate,gate.adapter.handler,OptionHandler,82,0,0,0,21,0,3,0,3,0
gate,gate.adapter.handler,IntegerHandler,56,0,2,0,16,0,4,0,3,0
gate,gate.adapter.handler,MimeTextHandler,57,0,2,0,17,0,4,0,3,0
gate,gate.adapter.handler,URLHandler,24,0,0,0,9,0,3,0,3,0
gate,gate.adapter.handler,JsonHandler,37,0,0,0,13,0,2,0,2,0
gate,gate.adapter.handler,JAXRSResponseHandler,99,0,6,0,22,0,9,0,6,0
gate,gate.adapter.handler,IDHandler,11,0,0,0,3,0,2,0,2,0
gate,gate.adapter.handler,RedirectCommandHandler,20,0,0,0,8,0,3,0,3,0
gate,gate.adapter.handler,FormHandler,38,0,0,0,13,0,2,0,2,0
gate,gate.adapter.handler,EnumHandler,35,0,2,0,11,0,3,0,2,0
gate,gate.adapter.handler,MimeDataFileHandler,78,0,2,0,22,0,4,0,3,0
gate,gate.adapter.handler,SafeHTMLHandler,23,0,0,0,9,0,2,0,2,0
gate,gate.adapter.handler,JavaScriptHandler,79,0,0,0,21,0,3,0,3,0
gate,gate.adapter.handler,ResultHandler,25,0,0,0,10,0,2,0,2,0
gate,gate.adapter.handler,ReloadCommandHandler,28,0,0,0,9,0,2,0,2,0
gate,gate.adapter.handler,HTMLCommandHandler,79,0,0,0,19,0,3,0,3,0
gate,gate.adapter.handler,HideCommandHandler,83,0,0,0,26,0,4,0,4,0
gate,gate.adapter.handler,SafeTextHandler,23,0,0,0,9,0,2,0,2,0
gate,gate.adapter.handler,JsonElementHandler,36,0,0,0,13,0,3,0,3,0
gate,gate.adapter.handler,DocHandler,43,0,0,0,12,0,2,0,2,0
gate,gate.adapter.handler,PNGHandler,75,0,6,0,21,0,6,0,3,0
gate,gate.adapter.handler,FileHandler,96,0,4,0,24,0,5,0,3,0
gate,gate.adapter.handler,StringMatrixHandler,49,0,0,0,7,0,5,0,5,0
gate,gate.adapter.handler,URLBuilderHandler,24,0,0,0,9,0,3,0,3,0
gate,gate.adapter.handler,SafeNameHandler,23,0,0,0,9,0,2,0,2,0
gate,gate.adapter.handler,Handler,42,0,2,0,11,0,5,0,4,0
gate,gate.adapter.handler,DataFileHandler,85,0,6,0,22,0,6,0,3,0
gate,gate.adapter.handler,CharacterHandler,55,0,4,0,14,0,5,0,3,0
gate,gate.adapter.handler,ReportHandler,40,0,0,0,12,0,2,0,2,0
gate,gate.adapter.handler,StringHandler,95,0,12,0,21,0,10,0,4,0
gate,gate.adapter.handler,ConverterHandler,45,0,0,0,14,0,3,0,3,0
gate,gate.adapter.handler,JsonTextHandler,36,0,0,0,13,0,2,0,2,0
gate,gate.adapter.handler,TextHandler,32,0,0,0,12,0,3,0,3,0
gate,gate.adapter.handler,MimeTextFileHandler,105,0,2,0,27,0,4,0,3,0
gate,gate.adapter.handler,HttpErrorHandler,21,0,0,0,7,0,2,0,2,0
gate,gate.adapter.handler,ByteArrayHandler,49,0,2,0,9,0,4,0,3,0
gate,gate.adapter.handler,SerializableHandler,36,0,0,0,13,0,2,0,2,0
gate,gate.adapter.handler,TempFileHandler,67,0,2,0,23,0,4,0,3,0
gate,gate.adapter.handler,PathHandler,117,0,6,0,30,0,6,0,3,0
gate,gate.adapter.handler,VersionHandler,25,0,0,0,10,0,2,0,2,0
gate,gate.adapter.handler,MimeDataHandler,57,0,2,0,17,0,4,0,3,0
gate,gate.adapter.handler,SafeStyleHandler,23,0,0,0,9,0,2,0,2,0
gate,gate.i18n,LocaleFilter,18,0,2,0,6,0,3,0,2,0
gate,gate.authenticator,OIDCAuthenticator,821,0,48,0,182,0,56,0,32,0
gate,gate.authenticator,LDAPAuthenticator,223,59,20,0,47,11,18,1,8,1
gate,gate.authenticator,AuthConfig,0,96,0,2,0,12,0,11,0,10
gate,gate.authenticator,Authenticator.Type,21,0,0,0,2,0,1,0,1,0
gate,gate.authenticator,DatabaseAuthenticator,65,6,8,0,17,3,9,1,5,1
gate,gate.authenticator,AuthenticatorProducer,31,92,11,7,3,14,9,6,0,4
gate,gate.authenticator,OIDCAuthenticator.State,149,0,6,0,36,0,10,0,7,0
gate,gate.thymeleaf.processors.attribute,ConditionAttributeProcessor,47,0,4,0,13,0,5,0,3,0
gate,gate.thymeleaf.processors.attribute,WriteAttributeProcessor,25,0,0,0,6,0,2,0,2,0
gate,gate.thymeleaf.processors.attribute,IconsAttributeProcessor,24,0,0,0,6,0,3,0,3,0
gate,gate.thymeleaf.processors.attribute,EmojiTagAttributeProcessor,32,0,0,0,9,0,3,0,3,0
gate,gate.thymeleaf.processors.attribute,ButtonOrdenatorAttributeProcessor,105,0,4,0,20,0,5,0,3,0
gate,gate.thymeleaf.processors.attribute,EnumerateAttributeProcessor,68,0,4,0,17,0,5,0,3,0
gate,gate.thymeleaf.processors.attribute,IterateAttributeProcessor,366,0,32,0,54,0,28,0,12,0
gate,gate.thymeleaf.processors.attribute,EmojisAttributeProcessor,24,0,0,0,6,0,3,0,3,0
gate,gate.thymeleaf.processors.attribute,StacktraceAttributeProcessor,44,0,0,0,9,0,5,0,5,0
gate,gate.thymeleaf.processors.attribute,OtherwiseAttributeProcessor,11,0,0,0,5,0,3,0,3,0
gate,gate.thymeleaf.processors.attribute,EmojiAttributeProcessor,28,0,0,0,8,0,2,0,2,0
gate,gate.thymeleaf.processors.attribute,AttributeModelProcessor,86,0,2,0,24,0,11,0,10,0
gate,gate.thymeleaf.processors.attribute,AttributeProcessor,65,0,6,0,20,0,11,0,8,0
gate,gate.thymeleaf.processors.attribute,IconAttributeProcessor,28,0,0,0,9,0,2,0,2,0
gate,gate.thymeleaf.processors.attribute,PrintAttributeProcessor,62,0,4,0,12,0,4,0,2,0
gate,gate.thymeleaf.processors.attribute,WithAttributeProcessor,68,0,4,0,15,0,5,0,3,0
gate,gate.thymeleaf.processors.attribute,PaginatorAttributeProcessor,440,0,16,0,40,0,10,0,2,0
gate,gate.thymeleaf.processors.attribute,SecureAttributeProcessor,90,0,10,0,22,0,8,0,3,0
gate,gate.thymeleaf.processors.attribute,IconTagAttributeProcessor,32,0,0,0,9,0,3,0,3,0
gate,gate.thymeleaf.processors.attribute,TemplateAttributeModelProcessor,66,0,4,0,14,0,4,0,2,0
gate,gate.thymeleaf.processors.attribute,InsertAttributeProcessor,73,0,4,0,14,0,9,0,7,0
gate,gate.thymeleaf.processors.attribute,SuperUserAttributeProcessor,18,0,2,0,7,0,4,0,3,0
gate,gate.thymeleaf.processors.attribute,IfAttributeProcessor,44,0,4,0,12,0,5,0,3,0
gate,gate.thymeleaf.processors.attribute,LinkOrdenatorAttributeProcessor,105,0,4,0,19,0,5,0,3,0
gate,gate.entity,App.Module.Screen.Action,123,0,0,0,23,0,16,0,16,0
gate,gate.entity,User,127,131,18,10,22,35,27,24,17,20
gate,gate.entity,Org,83,0,0,0,34,0,23,0,23,0
gate,gate.entity,Session,37,0,2,0,10,0,8,0,7,0
gate,gate.entity,Mail,59,0,0,0,25,0,17,0,17,0
gate,gate.entity,Auth,144,121,42,26,28,27,36,24,11,15
gate,gate.entity,Role,160,256,12,18,33,63,33,44,25,37
gate,gate.entity,Auth.Access,0,15,0,0,0,3,0,1,0,1
gate,gate.entity,Auth.Scope,0,15,0,0,0,3,0,1,0,1
gate,gate.entity,Func,124,0,14,0,29,0,25,0,18,0
gate,gate.entity,App.Module,136,0,0,0,29,0,17,0,17,0
gate,gate.entity,App.Module.Screen,189,0,4,0,36,0,23,0,21,0
gate,gate.entity,App,191,41,2,0,39,8,23,4,22,4
gate,gate.thymeleaf.processors.tag.property,TextProcessor,206,0,14,0,34,0,9,0,2,0
gate,gate.thymeleaf.processors.tag.property,SelectNProcessor,6,0,0,0,3,0,2,0,2,0
gate,gate.thymeleaf.processors.tag.property,EMailProcessor,4,0,0,0,2,0,1,0,1,0
gate,gate.thymeleaf.processors.tag.property,DateTimeLocalProcessor,4,0,0,0,2,0,1,0,1,0
gate,gate.thymeleaf.processors.tag.property,TimeProcessor,4,0,0,0,2,0,1,0,1,0
gate,gate.thymeleaf.processors.tag.property,SubmitProcessor,4,0,0,0,2,0,1,0,1,0
gate,gate.thymeleaf.processors.tag.property,FileProcessor,16,0,0,0,5,0,2,0,2,0
gate,gate.thymeleaf.processors.tag.property,SelectProcessor,344,0,20,0,62,0,19,0,9,0
gate,gate.thymeleaf.processors.tag.property,TextViewerProcessor,39,0,2,0,9,0,3,0,2,0
gate,gate.thymeleaf.processors.tag.property,TextEditorProcessor,46,0,4,0,11,0,4,0,2,0
gate,gate.thymeleaf.processors.tag.property,CheckboxProcessor,76,0,6,0,16,0,5,0,2,0
gate,gate.thymeleaf.processors.tag.property,InputProcessor,57,0,4,0,12,0,4,0,2,0
gate,gate.thymeleaf.processors.tag.property,HiddenProcessor,4,0,0,0,2,0,1,0,1,0
gate,gate.thymeleaf.processors.tag.property,Select1Processor,6,0,0,0,3,0,2,0,2,0
gate,gate.thymeleaf.processors.tag.property,ImageProcessor,4,0,0,0,2,0,1,0,1,0
gate,gate.thymeleaf.processors.tag.property,CheckableProcessor,366,0,26,0,56,0,20,0,7,0
gate,gate.thymeleaf.processors.tag.property,TextareaProcessor,42,0,4,0,10,0,4,0,2,0
gate,gate.thymeleaf.processors.tag.property,PropertyProcessor,270,0,30,0,50,0,29,0,14,0
gate,gate.thymeleaf.processors.tag.property,URLProcessor,4,0,0,0,2,0,1,0,1,0
gate,gate.thymeleaf.processors.tag.property,RangeProcessor,4,0,0,0,2,0,1,0,1,0
gate,gate.thymeleaf.processors.tag.property,NumberProcessor,4,0,0,0,2,0,1,0,1,0
gate,gate.thymeleaf.processors.tag.property,DateProcessor,4,0,0,0,2,0,1,0,1,0
gate,gate.thymeleaf.processors.tag.property,ISOInputProcessor,58,0,4,0,14,0,4,0,2,0
gate,gate.thymeleaf.processors.tag.property,PasswordProcessor,4,0,0,0,2,0,1,0,1,0
gate,gate.thymeleaf.processors.tag.iterable,TBodyProcessor,124,0,12,0,19,0,17,0,11,0
gate,gate.thymeleaf.processors.tag.iterable,IteratorProcessor,27,0,0,0,8,0,2,0,2,0
gate,gate.thymeleaf.processors.tag.iterable,IterableProcessor,276,0,26,0,44,0,17,0,4,0
gate,gate,ResetPassword,173,0,4,0,51,0,8,0,6,0
gate,gate,PasswordControl.PasswordDao,51,0,0,0,22,0,3,0,3,0
gate,gate,SetupPassword,58,0,2,0,18,0,3,0,2,0
gate,gate,Progress.Status,39,0,0,0,2,0,1,0,1,0
gate,gate,Call,1,39,2,2,0,3,2,2,0,2
gate,gate,PasswordControl,63,0,8,0,14,0,7,0,3,0
gate,gate,HeartbeatRegistry,112,0,10,0,28,0,17,0,12,0
gate,gate,Gate,458,0,38,0,101,0,25,0,6,0
gate,gate,Version,14,0,0,0,5,0,2,0,2,0
gate,gate,SSEServlet.new AsyncListener() {...},25,0,0,0,8,0,5,0,5,0
gate,gate,SSEClients,48,0,4,0,18,0,7,0,5,0
gate,gate,SSEClient,102,0,8,0,39,0,8,0,4,0
gate,gate,Calls,42,125,4,8,8,23,7,7,4,4
gate,gate,PasswordDao,76,0,0,0,11,0,4,0,4,0
gate,gate,Exit,57,0,4,0,12,0,4,0,2,0
gate,gate,ActionMetadata,0,135,0,0,0,10,0,10,0,10
gate,gate,TempFileListener,5,0,0,0,3,0,2,0,2,0
gate,gate,Progress,751,0,62,0,178,0,77,0,46,0
gate,gate,ProgressServlet,61,0,8,0,19,0,6,0,2,0
gate,gate,SSEServlet,84,0,4,0,20,0,4,0,2,0
gate,gate,SlidingSessionFilter,21,84,10,10,6,24,8,4,0,2
gate,gate,Auth,66,0,4,0,20,0,4,0,2,0
gate,gate,NameResolver,27,27,5,3,6,7,5,2,2,1
gate,gate,Progress.State,57,0,0,0,10,0,3,0,3,0
gate,gate,AccessRule,93,101,31,5,14,19,21,6,1,6
